caption,audio_filename
"The wind is blowing, insects are singing, and rustling occurs",clip_0.wav
The wind is blowing and rustling occurs,clip_1.wav
Crashing waves and a gust of wind,clip_2.wav
Honking of a horn of a passing train,clip_3.wav
Steam hissing as a train runs slowly on railroad tracks as gears crank and rumble,clip_5.wav
Strong wind against the microphone simultaneously with heavy rain.,clip_6.wav
"The wind is blowing, a horse is trotting, and an adult male speaks",clip_8.wav
The chirping of multiple birds accompanies gurgling water and crunching footsteps,clip_9.wav
A door creaks open slowly,clip_10.wav
"Water flowing, wind blowing, a dog whimpers",clip_11.wav
"The wind is blowing, an engine runs, and tires squeal",clip_12.wav
A train hiss loudly,clip_13.wav
A man speaking followed by glass shuffling then wood clanking before glass clanks proceeded by liquid pouring into a container,clip_14.wav
A train engine is running and rhythmically chugging,clip_15.wav
"People talking in foreign language, train horn",clip_16.wav
Loud wind noises and a car horn and a person talking at the end,clip_18.wav
A train is blowing its horn as it passes by,clip_19.wav
A bell is ringing and a train blows its horn twice long and hard,clip_20.wav
As the wind blows steadily a bird sings and an engine goes by,clip_21.wav
Train horn tooting multiple times,clip_22.wav
Rain hitting the roof,clip_23.wav
A door is sliding open,clip_24.wav
"A man speaking in the distance with traffic passing in the distance, then a man speaks nearby and a door opens",clip_25.wav
A train horn sounds then someone laughs,clip_26.wav
"A distant train horn, followed by the clickety-clank of the train on the rail",clip_27.wav
Wind blows and birds tweet,clip_28.wav
Wind is blowing and woman is laughing,clip_29.wav
Wind blows in a tunnel,clip_30.wav
"A man talks nearby, followed by a door closing, after which the man continues to talk",clip_31.wav
The sound of dried leaves rubbing against one another in response to being moved by the wind or another cause,clip_32.wav
A toilet flushing away water while a bathroom stall door makes noise,clip_33.wav
A person talks nearby as an engine idles nearby and wind blows,clip_34.wav
Wind blowing hard followed by two men talking in distant ending with a frog croaking,clip_35.wav
A door opens up nearby,clip_36.wav
A machine works while wind blows strongly followed by a siren being triggered,clip_37.wav
Wind blows and people laugh followed by a horse neighing,clip_38.wav
Wind is blowing and dog is panting and whimpering gently,clip_39.wav
Wind blowing in a microphone and a group of people talking,clip_40.wav
Engine idling quietly with light wind,clip_41.wav
Vehicles pass and the wind blows,clip_42.wav
A bell rings and a train passes nearby,clip_43.wav
Wind blows strongly while people talk far away,clip_44.wav
Wind blowing followed by wood cracking,clip_45.wav
Water runs and bells ring while wind blows and a goat bleats,clip_46.wav
A man speaks as the wind blows followed by a motorboat traveling and the engine accelerates,clip_47.wav
Wind blowing while a helicopters' engine runs,clip_48.wav
Several motorcycles race with engines humming and wind blowing,clip_49.wav
Loud wind noises with someone talking and laughing,clip_51.wav
A man speaking as a ball bounces on a hard surface in the background with wind blowing into a microphone,clip_52.wav
A man speaks and then wind blows and a woman speaks,clip_53.wav
Leaves blowing in the wind,clip_54.wav
"An airplane propeller spins loudly, and then a person bangs on a window multiple times",clip_55.wav
Heavy wind and footsteps,clip_56.wav
A toilet flushes and a door opens,clip_57.wav
Birds chirping and insects buzzing while wind blows in a microphone,clip_58.wav
Two women talking and laughing followed by a door banging softly as a door creaks repeatedly,clip_59.wav
A man speaking as a bird tweets and a chicken clucks while water splashes and wind blows into a microphone,clip_60.wav
A train revving up and horn honking,clip_61.wav
Someone talks with voice on fast forward effect followed by a door opening,clip_62.wav
"A car accelerates loudly several times, followed by footsteps",clip_63.wav
"A crashing roar occurs, the wind is blowing, then motor vehicle engines are running",clip_65.wav
Wind blowing with hissing and people speaking in the distance,clip_66.wav
A man talking followed by a child talking in the distance as footsteps walk on gravel and birds chirp in the background,clip_67.wav
Footsteps and then a door is slammed,clip_68.wav
"Thunder rumbling, rain drops, a beeping noise, and then a piano",clip_69.wav
"The wind is blowing, insects are chirping, and rustling is present",clip_70.wav
"A car speeds up, wind rushes by",clip_71.wav
Door sound with woman chuckling,clip_72.wav
Traffic and car horns are in the background while an emergency vehicle blasts a series of sirens followed by wind and travel noise,clip_74.wav
Wind is blowing hard and a man is speaking over the wind,clip_75.wav
A man speaking over an intercom as wind lightly blows into a microphone,clip_76.wav
"A very loud train horn blaring in the distance, and getting closer']}]",clip_77.wav
A windy day and a man speaking in the distance,clip_78.wav
A man talking while the wind blows on the microphone and bees buzz,clip_80.wav
"A machine that is running, tapping and making winding noises",clip_81.wav
"A door closes, and a man talks",clip_82.wav
Waves are splashing and wind is blowing,clip_83.wav
"Wind blows, people speak and vibrations rattle",clip_84.wav
A door is closed,clip_85.wav
A woman is speaking and rain is falling lightly,clip_86.wav
Light wind and rustling,clip_87.wav
Water noisily going down a street drain while voices of children are in the background,clip_88.wav
"A boat motor runs smoothly, wind is blowing, and two adult males speak",clip_89.wav
"A railroad train, chain clanking and, steam whistle blowing",clip_90.wav
"Strong wind is blowing and water splashes faintly, followed by a mid-size motor vehicle engine revving once",clip_91.wav
Music plays followed by a door opening and a woman sneezing,clip_92.wav
"Wind sounds, followed by a man talking nearby",clip_93.wav
Continuous train horn,clip_94.wav
Rain falls and leaves rustle followed by the distant roar of thunder,clip_95.wav
Heavy wind followed by a vehicle starting and revving intermittently,clip_97.wav
Wind and a female voice before a speed boat goes past,clip_98.wav
Wind blows with faint coos of pigeons and traffic passing in the distance,clip_100.wav
Wind noise on ocean,clip_101.wav
A train passes and sounds a horn,clip_104.wav
A door opens and closes nearby several times,clip_105.wav
A door opening and then closing,clip_106.wav
A train horn blows and alarm bells ring as heavy traffic passes by,clip_107.wav
A train and train horn noise while people talking,clip_108.wav
A train horn blares and warning bells ring as a loud motor passes,clip_109.wav
"The wind is blowing, a railroad crossing alarm clangs in the distance, and a train horn blows",clip_110.wav
Wind noise sounds and a train goes by with horn sounds,clip_111.wav
Gun firing and shooting during a rain and thunderstorm,clip_112.wav
"An emergency vehicle passe by, sounds the siren and honks the horn while rain pours in the background",clip_113.wav
Very heavy rainfall,clip_114.wav
Wind blowing and ocean waves flowing gently,clip_115.wav
People speak and wind blows as a car engine revs,clip_116.wav
"Distant humming of an engine grows louder, bugs chirp, and wind blows",clip_117.wav
"The wind blows, footsteps shuffle along a path and a car door is opened and closed twice",clip_118.wav
Water splashes as wind blows nearby,clip_119.wav
"Wind noise, followed by a woman talking",clip_120.wav
A door is closed and the door is banged on,clip_121.wav
Wind noises with a siren in the background,clip_122.wav
Heavy wave sound with wind blowing and a man talking,clip_123.wav
Water running followed by wind,clip_124.wav
The sound of wind buffeting as sounds of speeding vehicles go by,clip_125.wav
Wind blows a vehicles pass by on street,clip_127.wav
A helicopter flies and wind blows,clip_128.wav
A man speaking as glass clanks during sharp scrapping,clip_130.wav
"Wind blows, water splashes, people speak",clip_131.wav
A train rattles loudly across tracks as the wheels clack,clip_132.wav
Wind blows as waves crash against a shoreline,clip_133.wav
Humming of passing traffic with wind blowing,clip_135.wav
Wind noise under a microphone with ocean wave sounds,clip_136.wav
A train clatters by on a track and then honks blare and fade in the background,clip_137.wav
Water lightly splashing and trickling as wind blows moderately into a microphone,clip_138.wav
A man speaks followed by several gunshots with wind blowing,clip_139.wav
Muffled wind along with waves splashing,clip_140.wav
Train horn then train honk,clip_141.wav
Music playing and rain falling with thunder,clip_142.wav
Wind blowing into a microphone followed by water splashing and birds chirping in the distance,clip_144.wav
A group of people talking as a kid laughs and yells followed by a woman coughing as ocean waves crash and wind blows into a microphone,clip_146.wav
A train blows its horn for a long time,clip_149.wav
A man is speaking followed by a door squeaking and a man speaks,clip_150.wav
"Gusty wind, a soft motor",clip_151.wav
Rain and thunder noises outside followed by stronger rain sounds,clip_152.wav
Wind blowing hard with vibrations of an idling engine and a man speaking,clip_154.wav
Cars pass on a road and the wind blows,clip_155.wav
A steam engine whistle blowing several times as steam hisses and wind blows lightly into a microphone,clip_156.wav
A toy squeaking as wind blows into a microphone followed by a person clapping then sheep baaing,clip_157.wav
A group of people outdoors talking loudly to each other,clip_158.wav
An aircraft flying in the distance as wind blows heavily into a microphone,clip_159.wav
A group of people shouting as birds chirp in the distance and wind blows into a microphone,clip_160.wav
A vehicle driving by twice as wind blows into a microphone,clip_161.wav
Heavy rain and thunder crashing,clip_163.wav
Water splashing and wind blowing,clip_165.wav
Rain falls while wind blows,clip_167.wav
Several goats bleat with men speaking and wind blowing,clip_168.wav
Wind blows and engines hum as water splashes,clip_169.wav
A train horn is triggered shortly while an engine works,clip_170.wav
A click then toilet flush followed by footsteps,clip_171.wav
"The wind is blowing, traffic is present, a horse is trotting, and an adult male speaks in the background",clip_172.wav
Rain falls and windshield wipers operate,clip_173.wav
An emergency vehicle siren sounds loudly in the distance as wind blows by,clip_174.wav
Cricket noise with wind and a frog croaks,clip_175.wav
A train passes and blows a horn,clip_176.wav
A series of train horns sounding over a train running on railroad tracks,clip_178.wav
An engine accelerating away and heavy wind,clip_180.wav
Thunder cracks in the distance and rain falls,clip_181.wav
Train honking and bell ringing,clip_182.wav
Ocean waves crashing as footsteps run on sand followed by dogs barking while wind blows into a microphone,clip_183.wav
"Rain, thunder and a horn noise",clip_185.wav
Water running and some gurgling and draining,clip_186.wav
Strong wind noise with birds tweeting and a man talks,clip_187.wav
A train horn honking as a train runs on railroad tracks followed by a high-pitched train horn then a woman speaking,clip_189.wav
Consistent thumps and a door closes followed by a police car siren,clip_191.wav
Wind is blowing and something is rustling,clip_192.wav
A woman talking as a group of dogs bark while a door creaks open followed by a man speaking softly in the background,clip_193.wav
A toy helicopter motor starting up then flying as wind blows into a microphone,clip_194.wav
A train engine from a distance,clip_195.wav
A vehicle door opening and closing as two men are talking while a dog is barking before a vehicle engine starts up and accelerates,clip_197.wav
Wind is picking up at a fast speed,clip_198.wav
"Wind blows nearby, as people talk and scream in the distance",clip_199.wav
