caption,token_file
"The wind is blowing, insects are singing, and rustling occurs",clip_0.pt
The wind is blowing and rustling occurs,clip_1.pt
Crashing waves and a gust of wind,clip_2.pt
Honking of a horn of a passing train,clip_3.pt
Steam hissing as a train runs slowly on railroad tracks as gears crank and rumble,clip_5.pt
Strong wind against the microphone simultaneously with heavy rain.,clip_6.pt
"The wind is blowing, a horse is trotting, and an adult male speaks",clip_8.pt
The chirping of multiple birds accompanies gurgling water and crunching footsteps,clip_9.pt
A door creaks open slowly,clip_10.pt
"Water flowing, wind blowing, a dog whimpers",clip_11.pt
"The wind is blowing, an engine runs, and tires squeal",clip_12.pt
A train hiss loudly,clip_13.pt
A man speaking followed by glass shuffling then wood clanking before glass clanks proceeded by liquid pouring into a container,clip_14.pt
A train engine is running and rhythmically chugging,clip_15.pt
"People talking in foreign language, train horn",clip_16.pt
Loud wind noises and a car horn and a person talking at the end,clip_18.pt
A train is blowing its horn as it passes by,clip_19.pt
A bell is ringing and a train blows its horn twice long and hard,clip_20.pt
As the wind blows steadily a bird sings and an engine goes by,clip_21.pt
Train horn tooting multiple times,clip_22.pt
Rain hitting the roof,clip_23.pt
A door is sliding open,clip_24.pt
"A man speaking in the distance with traffic passing in the distance, then a man speaks nearby and a door opens",clip_25.pt
A train horn sounds then someone laughs,clip_26.pt
"A distant train horn, followed by the clickety-clank of the train on the rail",clip_27.pt
Wind blows and birds tweet,clip_28.pt
Wind is blowing and woman is laughing,clip_29.pt
Wind blows in a tunnel,clip_30.pt
"A man talks nearby, followed by a door closing, after which the man continues to talk",clip_31.pt
The sound of dried leaves rubbing against one another in response to being moved by the wind or another cause,clip_32.pt
A toilet flushing away water while a bathroom stall door makes noise,clip_33.pt
A person talks nearby as an engine idles nearby and wind blows,clip_34.pt
Wind blowing hard followed by two men talking in distant ending with a frog croaking,clip_35.pt
A door opens up nearby,clip_36.pt
A machine works while wind blows strongly followed by a siren being triggered,clip_37.pt
Wind blows and people laugh followed by a horse neighing,clip_38.pt
Wind is blowing and dog is panting and whimpering gently,clip_39.pt
Wind blowing in a microphone and a group of people talking,clip_40.pt
Engine idling quietly with light wind,clip_41.pt
Vehicles pass and the wind blows,clip_42.pt
A bell rings and a train passes nearby,clip_43.pt
Wind blows strongly while people talk far away,clip_44.pt
Wind blowing followed by wood cracking,clip_45.pt
Water runs and bells ring while wind blows and a goat bleats,clip_46.pt
A man speaks as the wind blows followed by a motorboat traveling and the engine accelerates,clip_47.pt
Wind blowing while a helicopters' engine runs,clip_48.pt
Several motorcycles race with engines humming and wind blowing,clip_49.pt
Loud wind noises with someone talking and laughing,clip_51.pt
A man speaking as a ball bounces on a hard surface in the background with wind blowing into a microphone,clip_52.pt
A man speaks and then wind blows and a woman speaks,clip_53.pt
Leaves blowing in the wind,clip_54.pt
"An airplane propeller spins loudly, and then a person bangs on a window multiple times",clip_55.pt
Heavy wind and footsteps,clip_56.pt
A toilet flushes and a door opens,clip_57.pt
Birds chirping and insects buzzing while wind blows in a microphone,clip_58.pt
Two women talking and laughing followed by a door banging softly as a door creaks repeatedly,clip_59.pt
A man speaking as a bird tweets and a chicken clucks while water splashes and wind blows into a microphone,clip_60.pt
A train revving up and horn honking,clip_61.pt
Someone talks with voice on fast forward effect followed by a door opening,clip_62.pt
"A car accelerates loudly several times, followed by footsteps",clip_63.pt
"A crashing roar occurs, the wind is blowing, then motor vehicle engines are running",clip_65.pt
Wind blowing with hissing and people speaking in the distance,clip_66.pt
A man talking followed by a child talking in the distance as footsteps walk on gravel and birds chirp in the background,clip_67.pt
Footsteps and then a door is slammed,clip_68.pt
"Thunder rumbling, rain drops, a beeping noise, and then a piano",clip_69.pt
"The wind is blowing, insects are chirping, and rustling is present",clip_70.pt
"A car speeds up, wind rushes by",clip_71.pt
Door sound with woman chuckling,clip_72.pt
Traffic and car horns are in the background while an emergency vehicle blasts a series of sirens followed by wind and travel noise,clip_74.pt
Wind is blowing hard and a man is speaking over the wind,clip_75.pt
A man speaking over an intercom as wind lightly blows into a microphone,clip_76.pt
"A very loud train horn blaring in the distance, and getting closer']}]",clip_77.pt
A windy day and a man speaking in the distance,clip_78.pt
A man talking while the wind blows on the microphone and bees buzz,clip_80.pt
"A machine that is running, tapping and making winding noises",clip_81.pt
"A door closes, and a man talks",clip_82.pt
Waves are splashing and wind is blowing,clip_83.pt
"Wind blows, people speak and vibrations rattle",clip_84.pt
A door is closed,clip_85.pt
A woman is speaking and rain is falling lightly,clip_86.pt
Light wind and rustling,clip_87.pt
Water noisily going down a street drain while voices of children are in the background,clip_88.pt
"A boat motor runs smoothly, wind is blowing, and two adult males speak",clip_89.pt
"A railroad train, chain clanking and, steam whistle blowing",clip_90.pt
"Strong wind is blowing and water splashes faintly, followed by a mid-size motor vehicle engine revving once",clip_91.pt
Music plays followed by a door opening and a woman sneezing,clip_92.pt
"Wind sounds, followed by a man talking nearby",clip_93.pt
Continuous train horn,clip_94.pt
Rain falls and leaves rustle followed by the distant roar of thunder,clip_95.pt
Heavy wind followed by a vehicle starting and revving intermittently,clip_97.pt
Wind and a female voice before a speed boat goes past,clip_98.pt
Wind blows with faint coos of pigeons and traffic passing in the distance,clip_100.pt
Wind noise on ocean,clip_101.pt
A train passes and sounds a horn,clip_104.pt
A door opens and closes nearby several times,clip_105.pt
A door opening and then closing,clip_106.pt
A train horn blows and alarm bells ring as heavy traffic passes by,clip_107.pt
A train and train horn noise while people talking,clip_108.pt
A train horn blares and warning bells ring as a loud motor passes,clip_109.pt
"The wind is blowing, a railroad crossing alarm clangs in the distance, and a train horn blows",clip_110.pt
Wind noise sounds and a train goes by with horn sounds,clip_111.pt
Gun firing and shooting during a rain and thunderstorm,clip_112.pt
"An emergency vehicle passe by, sounds the siren and honks the horn while rain pours in the background",clip_113.pt
Very heavy rainfall,clip_114.pt
Wind blowing and ocean waves flowing gently,clip_115.pt
People speak and wind blows as a car engine revs,clip_116.pt
"Distant humming of an engine grows louder, bugs chirp, and wind blows",clip_117.pt
"The wind blows, footsteps shuffle along a path and a car door is opened and closed twice",clip_118.pt
Water splashes as wind blows nearby,clip_119.pt
"Wind noise, followed by a woman talking",clip_120.pt
A door is closed and the door is banged on,clip_121.pt
Wind noises with a siren in the background,clip_122.pt
Heavy wave sound with wind blowing and a man talking,clip_123.pt
Water running followed by wind,clip_124.pt
The sound of wind buffeting as sounds of speeding vehicles go by,clip_125.pt
Wind blows a vehicles pass by on street,clip_127.pt
A helicopter flies and wind blows,clip_128.pt
A man speaking as glass clanks during sharp scrapping,clip_130.pt
"Wind blows, water splashes, people speak",clip_131.pt
A train rattles loudly across tracks as the wheels clack,clip_132.pt
Wind blows as waves crash against a shoreline,clip_133.pt
Humming of passing traffic with wind blowing,clip_135.pt
Wind noise under a microphone with ocean wave sounds,clip_136.pt
A train clatters by on a track and then honks blare and fade in the background,clip_137.pt
Water lightly splashing and trickling as wind blows moderately into a microphone,clip_138.pt
A man speaks followed by several gunshots with wind blowing,clip_139.pt
Muffled wind along with waves splashing,clip_140.pt
Train horn then train honk,clip_141.pt
Music playing and rain falling with thunder,clip_142.pt
Wind blowing into a microphone followed by water splashing and birds chirping in the distance,clip_144.pt
A group of people talking as a kid laughs and yells followed by a woman coughing as ocean waves crash and wind blows into a microphone,clip_146.pt
A train blows its horn for a long time,clip_149.pt
A man is speaking followed by a door squeaking and a man speaks,clip_150.pt
"Gusty wind, a soft motor",clip_151.pt
Rain and thunder noises outside followed by stronger rain sounds,clip_152.pt
Wind blowing hard with vibrations of an idling engine and a man speaking,clip_154.pt
Cars pass on a road and the wind blows,clip_155.pt
A steam engine whistle blowing several times as steam hisses and wind blows lightly into a microphone,clip_156.pt
A toy squeaking as wind blows into a microphone followed by a person clapping then sheep baaing,clip_157.pt
A group of people outdoors talking loudly to each other,clip_158.pt
An aircraft flying in the distance as wind blows heavily into a microphone,clip_159.pt
A group of people shouting as birds chirp in the distance and wind blows into a microphone,clip_160.pt
A vehicle driving by twice as wind blows into a microphone,clip_161.pt
Heavy rain and thunder crashing,clip_163.pt
Water splashing and wind blowing,clip_165.pt
Rain falls while wind blows,clip_167.pt
Several goats bleat with men speaking and wind blowing,clip_168.pt
Wind blows and engines hum as water splashes,clip_169.pt
A train horn is triggered shortly while an engine works,clip_170.pt
A click then toilet flush followed by footsteps,clip_171.pt
"The wind is blowing, traffic is present, a horse is trotting, and an adult male speaks in the background",clip_172.pt
Rain falls and windshield wipers operate,clip_173.pt
An emergency vehicle siren sounds loudly in the distance as wind blows by,clip_174.pt
Cricket noise with wind and a frog croaks,clip_175.pt
A train passes and blows a horn,clip_176.pt
A series of train horns sounding over a train running on railroad tracks,clip_178.pt
An engine accelerating away and heavy wind,clip_180.pt
Thunder cracks in the distance and rain falls,clip_181.pt
Train honking and bell ringing,clip_182.pt
Ocean waves crashing as footsteps run on sand followed by dogs barking while wind blows into a microphone,clip_183.pt
"Rain, thunder and a horn noise",clip_185.pt
Water running and some gurgling and draining,clip_186.pt
Strong wind noise with birds tweeting and a man talks,clip_187.pt
A train horn honking as a train runs on railroad tracks followed by a high-pitched train horn then a woman speaking,clip_189.pt
Consistent thumps and a door closes followed by a police car siren,clip_191.pt
Wind is blowing and something is rustling,clip_192.pt
A woman talking as a group of dogs bark while a door creaks open followed by a man speaking softly in the background,clip_193.pt
A toy helicopter motor starting up then flying as wind blows into a microphone,clip_194.pt
A train engine from a distance,clip_195.pt
A vehicle door opening and closing as two men are talking while a dog is barking before a vehicle engine starts up and accelerates,clip_197.pt
Wind is picking up at a fast speed,clip_198.pt
"Wind blows nearby, as people talk and scream in the distance",clip_199.pt
